[
    {
        "id": 1,
        "name": "Sachin Ramesh Tendulkar",
        "nickname": "Master",
        "email": "isachin@gmail.com",
        "team": "India"
    },
    {
        "id": 2,
        "name": "Viraat Kohli",
        "nickname": "Kohli",
        "email": "kohli@gmail.com", 
        "team": "India"
    },
    {
        "id": 3,
        "name": "Harbhajan",
        "nickname": "Bhajji",
        "email": "bhajji@gmail.com",
        "team": "India"
    },
    {
        "id": 4,
        "name": "Bhuvneshwar Kumar",
        "nickname": "Bhuvi",
        "email": "bhuvi@gmail.com",
        "team": "India"
    },
    {
        "id": 5,
        "name": "Inzemam ul Haq",
        "nickname": "Aloo",
        "email": "inzm@gmail.com",
        "team": "Pakistan"
    }
]